region,start_s,end_s,duration_s,gap_to_next_region_s,peak_frame_rms_dbfs,start_range_across_minus35_minus40_minus45_dbfs,end_range_across_minus35_minus40_minus45_dbfs
1,26.04,28.56,2.52,1.29,-20.89,26.02-26.06,28.54-28.80
2,29.85,34.58,4.73,1.48,-20.23,29.44-29.85,34.57-34.60
3,36.06,41.46,5.4,4.52,-20.41,36.01-36.17,41.45-41.60
4,45.98,55.8,9.82,0.98,-16.83,45.90-46.04,55.70-55.83
5,56.78,63.93,7.15,0.68,-15.51,56.75-56.82,63.82-64.16
6,64.61,67.3,2.69,1.4,-18.9,64.58-64.65,67.24-68.01
7,68.7,77.85,9.15,1.04,-16.03,68.66-68.85,77.73-78.14
8,78.89,85.59,6.7,25.67,-16.93,78.87-78.92,85.39-85.63
9,111.26,142.76,31.5,12.01,-15.39,111.20-111.28,142.53-142.86
10,154.77,191.08,36.31,2.22,-15.28,154.74-154.84,190.82-191.34
11,193.3,195.43,2.13,0.81,-20.31,193.30-193.31,195.43-195.53
12,196.24,211.85,15.61,2.11,-14.47,196.18-196.46,211.66-212.17
13,213.96,235.5,21.54,0.84,-13.24,213.95-214.07,235.42-235.72
14,236.34,239.8,3.46,12.58,-21.02,236.30-236.39,239.74-240.06
15,252.38,253.21,0.83,11.47,-25.91,252.25-252.40,252.63-253.47


